{
  "sea_level": -4096,
  "disable_mob_generation": false,
  "aquifers_enabled": false,
  "ore_veins_enabled": false,
  "legacy_random_source": true,
  "default_block": {
    "Name": "minecraft:netherrack"
  },
  "default_fluid": {
    "Name": "minecraft:lava",
    "Properties": {
      "level": "0"
    }
  },
  "noise": {
    "min_y": 0,
    "height": 128,
    "size_horizontal": 1,
    "size_vertical": 2,
    "sampling": {
      "xz_scale": 1,
      "y_scale": 1,
      "xz_factor": 80,
      "y_factor": 160
    },
    "bottom_slide": {
      "target": 0,
      "size": 0,
      "offset": 0
    },
    "top_slide": {
      "target": 0,
      "size": 0,
      "offset": 0
    },
    "terrain_shaper": {
      "offset": 0,
      "factor": 0,
      "jaggedness": 0
    }
  },
  "noise_router": {
    "barrier": 0,
    "fluid_level_floodedness": 0,
    "fluid_level_spread": 0,
    "lava": 0,
    "temperature": {
      "type": "minecraft:shifted_noise",
      "noise": "minecraft:temperature",
      "xz_scale": 0.25,
      "y_scale": 0,
      "shift_x": "minecraft:shift_x",
      "shift_y": 0,
      "shift_z": "minecraft:shift_z"
    },
    "vegetation": {
      "type": "minecraft:shifted_noise",
      "noise": "minecraft:vegetation",
      "xz_scale": 0.25,
      "y_scale": 0,
      "shift_x": "minecraft:shift_x",
      "shift_y": 0,
      "shift_z": "minecraft:shift_z"
    },
    "continents": 0,
    "erosion": 0,
    "depth": 0,
    "ridges": 0,
    "initial_density_without_jaggedness": 0,
    "final_density": 0,
    "vein_toggle": 0,
    "vein_ridged": 0,
    "vein_gap": 0
  },
  "spawn_target": [],
  "surface_rule": {
    "type": "minecraft:sequence",
    "sequence": []
  }
}